{
  "id": "5f91fd43-5df3-42e3-8fdf-7a8712af073a",
  "prevId": "7702f28b-2bc5-4656-85f1-77fb8f1218f5",
  "version": "7",
  "dialect": "postgresql",
  "tables": {
    "public.monitors": {
      "name": "monitors",
      "schema": "",
      "columns": {
        "name": {
          "name": "name",
          "type": "text",
          "primaryKey": true,
          "notNull": true
        },
        "url": {
          "name": "url",
          "type": "text",
          "primaryKey": false,
          "notNull": false
        },
        "method": {
          "name": "method",
          "type": "varchar(10)",
          "primaryKey": false,
          "notNull": false
        },
        "requestTime": {
          "name": "requestTime",
          "type": "integer",
          "primaryKey": false,
          "notNull": true
        }
      },
      "indexes": {},
      "foreignKeys": {},
      "compositePrimaryKeys": {},
      "uniqueConstraints": {}
    },
    "public.stats": {
      "name": "stats",
      "schema": "",
      "columns": {
        "id": {
          "name": "id",
          "type": "serial",
          "primaryKey": true,
          "notNull": true
        },
        "stats_url": {
          "name": "stats_url",
          "type": "text",
          "primaryKey": false,
          "notNull": false
        },
        "latency": {
          "name": "latency",
          "type": "double precision",
          "primaryKey": false,
          "notNull": true
        },
        "status": {
          "name": "status",
          "type": "boolean",
          "primaryKey": false,
          "notNull": false
        },
        "time": {
          "name": "time",
          "type": "time",
          "primaryKey": false,
          "notNull": false
        }
      },
      "indexes": {},
      "foreignKeys": {},
      "compositePrimaryKeys": {},
      "uniqueConstraints": {}
    }
  },
  "enums": {},
  "schemas": {},
  "_meta": {
    "columns": {},
    "schemas": {},
    "tables": {}
  }
}